filename,width,height,class,xmin,ymin,xmax,ymax
df14f85bd4_jpg.rf.cf7b74f08c2a11f0593aba46f923a294.jpg,640,640,deer,0,168,268,426
c01b01fce6_jpg.rf.d104316dadafc0513b6f8634f9ebf2a9.jpg,640,640,deer,123,105,433,516
fd5be7fb86_jpg.rf.d307615c64a7994138495401261d79d3.jpg,640,640,deer,389,33,536,385
cf5431dc2a_jpg.rf.d20603a9d30867899c7d51d0e6ef9ba5.jpg,640,640,deer,78,38,603,625
f5491b0b28_jpg.rf.d68acc9e68006f75a4b0e276bbe0d3c7.jpg,640,640,deer,175,0,425,578
e39a6aa741_jpg.rf.d0e0ee25318be0b2f5392406b0d238f3.jpg,640,640,deer,151,159,384,531
0d99ac6e2f_jpg.rf.d4cf10bc74d5359f3310d1f6d607a8ac.jpg,640,640,deer,273,135,617,389
0d99ac6e2f_jpg.rf.d4cf10bc74d5359f3310d1f6d607a8ac.jpg,640,640,deer,7,212,297,504
0d99ac6e2f_jpg.rf.d4cf10bc74d5359f3310d1f6d607a8ac.jpg,640,640,deer,244,404,393,520
fd9bcfac5e_jpg.rf.d30f4c56e25745aaf266301e317608d2.jpg,640,640,deer,147,142,468,337
fd9bcfac5e_jpg.rf.d30f4c56e25745aaf266301e317608d2.jpg,640,640,deer,217,309,396,476
34e9b3e3a0_jpg.rf.d5fffdd99c78b0ab7dd0146aed100982.jpg,640,640,deer,0,98,428,640
d6f44e16c0_jpg.rf.dd182d697a806b69d58da783116d68a4.jpg,640,640,deer,33,33,611,535
d531cd7bb0_jpg.rf.ddba8580cbe893332f1cd642da615bdd.jpg,640,640,deer,268,192,473,372
e9d89d119d_jpg.rf.d627c6992182e769ae950b8d7cc29e5c.jpg,640,640,deer,3,14,439,421
ce7440f340_jpg.rf.d873d993356c1bfcdd0961e764aab87f.jpg,640,640,deer,389,206,512,359
ce7440f340_jpg.rf.d873d993356c1bfcdd0961e764aab87f.jpg,640,640,deer,125,38,254,319
f5491b0b28_jpg.rf.d703a3fdd3c86e974f0791cca423d58e.jpg,640,640,deer,175,0,425,578
9b1e8519de2_jpg.rf.daa8d03a9d725a0c3456e2aa94038ea4.jpg,640,640,deer,0,0,640,277
faf4f74423_jpg.rf.ddbc8945cf6f675b76e0a6347437feb8.jpg,640,640,deer,106,137,522,560
c8ee0fafa8_jpg.rf.d8d7266d07fa3da8b9d50e6a3426eaa3.jpg,640,640,deer,193,14,528,615
c859239e76_jpg.rf.de560fa1906c400320a76c63a6e88b70.jpg,640,640,deer,45,98,250,318
c859239e76_jpg.rf.de560fa1906c400320a76c63a6e88b70.jpg,640,640,deer,145,263,586,587
c859239e76_jpg.rf.d7719b005467a98e2b07b5ea4d5e1c8d.jpg,640,640,deer,390,98,595,318
c859239e76_jpg.rf.d7719b005467a98e2b07b5ea4d5e1c8d.jpg,640,640,deer,55,263,496,587
e1761fc675_jpg.rf.de59ec2cfdafe9656973a4cefad87f98.jpg,640,640,deer,176,116,377,464
f54b6f43cd_jpg.rf.ddbf7872edde7cb8bb577d20fd42e5a3.jpg,640,640,deer,314,3,494,540
e1761fc675_jpg.rf.db5b1cf77356c6eef80e91332f398785.jpg,640,640,deer,263,116,464,464
bee404064a_jpg.rf.de610b4a55681d53251865ebf4e4cffa.jpg,640,640,deer,120,25,467,607
bee404064a_jpg.rf.dcd9cc3ce7e50b2704099eb7879e570e.jpg,640,640,deer,120,25,467,607
9b1e8519de2_jpg.rf.d78b356168104bf0af6287789adf9f73.jpg,640,640,deer,0,0,640,277
ad480eded9_jpg.rf.daafb1f88f8efae104131ffa3d037a8f.jpg,640,640,deer,150,24,290,131
ad480eded9_jpg.rf.daafb1f88f8efae104131ffa3d037a8f.jpg,640,640,deer,311,118,433,202
dd16163d62_jpg.rf.d90e3621ac93d31e1ed0adfbfdbeabfa.jpg,640,640,deer,314,37,494,290
e4c951696f_jpg.rf.dbcb5f3745e7448e7a0adbbad1704406.jpg,640,640,deer,72,54,487,487
04637a6efa_jpg.rf.df5d04d2ada022dd59bde6bf70df73ef.jpg,640,640,deer,398,27,566,228
fe6618639d_jpg.rf.df8de5c1f6b86b664a3f7fa6ba31461d.jpg,640,640,deer,330,20,624,326
e914cfdd9e_jpg.rf.deee2769d8a180d0ffd705969188b1f8.jpg,640,640,deer,74,48,568,549
020773fcda_jpg.rf.db51242ac711a0ca61307e9306ec1af2.jpg,640,640,deer,92,80,640,552
9b1e8519de2_jpg.rf.dfe608033b5f901895481641a271243d.jpg,640,640,deer,0,0,640,277
f3301b9ee2_jpg.rf.e081e30af8428bd1c8f2d6096d0d7fc6.jpg,640,640,deer,370,9,633,237
dec0dccf94_jpg.rf.d361e65545ab992c0ab187194a99b0a7.jpg,640,640,deer,32,47,239,501
e3911bbe23_jpg.rf.e3fd8c614294711d00ba7854a0de5106.jpg,640,640,deer,154,125,376,450
df5c3f8e38_jpg.rf.e0bc2e78c789a3fee9c6d98c2a2ab94c.jpg,640,640,deer,0,0,271,274
10965310c4_jpg.rf.e4b5375b75fcd0f1da85957df02bdeb7.jpg,640,640,deer,211,349,359,532
34e9b3e3a0_jpg.rf.db8296ce2884289fdaf771c5a4831cff.jpg,640,640,deer,212,98,640,640
ca61ab1b1f_jpg.rf.dac6a8dcdd8a6a7837576b1143a3af89.jpg,640,640,deer,219,126,450,488
bcf0b3d08a_jpg.rf.e4cde53fa3386f66aa81a6dd324ca95d.jpg,640,640,deer,318,104,634,327
bcf0b3d08a_jpg.rf.e4cde53fa3386f66aa81a6dd324ca95d.jpg,640,640,deer,212,178,309,289
e65993dffc_jpg.rf.e67a5da76c38eb16393a6fca0bb1fab0.jpg,640,640,deer,306,198,425,461
e65993dffc_jpg.rf.e67a5da76c38eb16393a6fca0bb1fab0.jpg,640,640,deer,349,81,551,296
c787455f12_jpg.rf.e52f683912d1b0b8c6ac5253699ae0bf.jpg,640,640,deer,361,189,510,371
789d5733d0_jpg.rf.e56df0e256be939c18f5d7ca3fa0007a.jpg,640,640,deer,298,115,573,433
c2575fa57e_jpg.rf.e6a96d86e63f78df16ce6c35bb996f3f.jpg,640,640,deer,81,79,330,231
c2575fa57e_jpg.rf.e6a96d86e63f78df16ce6c35bb996f3f.jpg,640,640,deer,178,196,467,373
ca61ab1b1f_jpg.rf.e6ba15f28b900047eb8e5fd3ccc7fc17.jpg,640,640,deer,190,126,421,488
f8e743bf45_jpg.rf.e6dab31c4f133c27481bdc8589b7543f.jpg,640,640,deer,159,175,401,407
e2a50bf176_jpg.rf.e6f7d05b080b158d2aaa63cd23fb68c5.jpg,640,640,deer,8,21,640,640
9a7b1ce7ae_jpg.rf.db61125e71ef96dea5de850042cd38d7.jpg,640,640,deer,324,104,538,444
0bdd8b2ba3_jpg.rf.e683744b132ec4a15197bcf5431b2e0a.jpg,640,640,deer,4,7,577,635
c3fee535d6_jpg.rf.e7fbc0f138b60042ec529a116d2612ac.jpg,640,640,deer,276,312,411,511
2117417b10_jpg.rf.e8333f66d8a3d9641db38b64c2f42ea7.jpg,640,640,deer,48,137,593,542
d5c8c2be08_jpg.rf.e912b16b9adb0d5531bfba5b9c526ada.jpg,640,640,deer,177,132,338,370
9de2a5e7c0_jpg.rf.e94d8e5174188cf7529f630e539cc31a.jpg,640,640,deer,329,106,448,242
9da836299d_jpg.rf.e9788c70abda1fecc0dfa4c86a2936cc.jpg,640,640,deer,4,57,487,367
f506ea569b_jpg.rf.eaa39b2b81b447223168ad92865d4f6e.jpg,640,640,deer,219,89,490,535
a8be34dbd0_jpg.rf.ec549e19afe02d76b463aaa0c4c785ea.jpg,640,640,deer,237,86,545,342
a8be34dbd0_jpg.rf.ec549e19afe02d76b463aaa0c4c785ea.jpg,640,640,deer,107,258,243,371
f06d22003d_jpg.rf.ed15e4ca98e7a60b4324579cd7211a5d.jpg,640,640,deer,0,15,512,424
e7e5e80320_jpg.rf.ed59cd6ea303331b3bd2ffbea8493bdb.jpg,640,640,deer,279,97,611,512
f0626ae845_jpg.rf.ed67add4799c5a17b98c4a1fb0f39c27.jpg,640,640,deer,180,73,541,554
dec4364012_jpg.rf.ee4c82882c8cc95a4d554c6788640ccd.jpg,640,640,deer,206,10,446,397
04637a6efa_jpg.rf.ed0d1be79fec7e4f2fc731e97537da4b.jpg,640,640,deer,74,27,242,228
eaa6196679_jpg.rf.f16b13fb7a8b0c96c4f3a7914cf08ed8.jpg,640,640,deer,116,37,367,280
eaa6196679_jpg.rf.f16b13fb7a8b0c96c4f3a7914cf08ed8.jpg,640,640,deer,289,343,512,562
ddf39d34ee_jpg.rf.ed07858e8db0db161d774eac5a6ea199.jpg,640,640,deer,243,77,342,233
f96cbdb7e5_jpg.rf.eab34dc4d8a10deb458218ab1ce4bbd6.jpg,640,640,deer,63,73,605,578
f8e743bf45_jpg.rf.f37e443e45ede75251acea5d88334a22.jpg,640,640,deer,159,175,401,407
be98adba2e_jpg.rf.eaac94fbd661ec8e69e49daa5d7ee794.jpg,640,640,deer,155,243,306,499
be98adba2e_jpg.rf.eaac94fbd661ec8e69e49daa5d7ee794.jpg,640,640,deer,285,33,439,408
609e8018d8_jpg.rf.ef4891d4b3f3014c393047e1bd30ff8b.jpg,640,640,deer,181,111,434,394
deb4e8d7c9_jpg.rf.f022eb4ae55f1f2cfb05aff2f1902da2.jpg,640,640,deer,272,81,472,403
df942f6b0a_jpg.rf.f3ecea5d3d368a3829c398b04b330a9f.jpg,640,640,deer,3,1,309,438
1f28583fa5_jpg.rf.f017c65170fb2ba962c3b03884588223.jpg,640,640,deer,190,33,423,361
00fdcaa6df_jpg.rf.f35bd1444b6b59d467cd980c9272b529.jpg,640,640,deer,132,19,525,441
00fdcaa6df_jpg.rf.f35bd1444b6b59d467cd980c9272b529.jpg,640,640,deer,238,444,372,620
bdcd03bf5e_jpg.rf.f36481382a8b5871117e447d95eb6e8d.jpg,640,640,deer,82,4,290,309
bdcd03bf5e_jpg.rf.f45d733dfa276522f8765f3b667a48c6.jpg,640,640,deer,82,4,290,309
cb88c1cead_jpg.rf.f570d57d50a53eb012214d67ccad2de1.jpg,640,640,deer,90,82,474,273
dd485708f8_jpg.rf.ef41b8ffd3fc687ea5e143fa42f3b0a0.jpg,640,640,deer,224,126,388,507
9da836299d_jpg.rf.ef6ecf527478722a5d55d7088cf01167.jpg,640,640,deer,154,57,637,367
22673f764c_jpg.rf.efc038d2d9d35c6ca0e1750dfc92ec42.jpg,640,640,deer,154,203,430,468
fb3430f920_jpg.rf.f5c0bea0000bc6f8e1461704ff6eb591.jpg,640,640,deer,231,62,352,337
eeb3148a0d_jpg.rf.f629b46355c22fe7e7f4943810735e90.jpg,640,640,deer,91,109,334,521
eeb3148a0d_jpg.rf.f629b46355c22fe7e7f4943810735e90.jpg,640,640,deer,351,189,550,467
eeb3148a0d_jpg.rf.f629b46355c22fe7e7f4943810735e90.jpg,640,640,deer,336,157,393,237
cbe29783fb_jpg.rf.f14b391cdcbd073b55630d3607956733.jpg,640,640,deer,181,35,400,440
97de903859_jpg.rf.f7cf39d20d9c7b317eee6eb09870ea32.jpg,640,640,deer,0,7,633,640
f506ea569b_jpg.rf.ee05ce4a30ac2b748edf9ee64dbc8931.jpg,640,640,deer,219,89,490,535
f81ce647e5_jpg.rf.f48a16791b78be4ea7fbcbed64a3e909.jpg,640,640,deer,89,0,617,640
ce03d47a8d_jpg.rf.f714ba50a22967db6313036e289eda50.jpg,640,640,deer,356,56,591,262
9de2a5e7c0_jpg.rf.f648a8745b3613a9c286e307003319e7.jpg,640,640,deer,193,106,312,242
789d5733d0_jpg.rf.f7233702d397bf05734b1097d8e58041.jpg,640,640,deer,298,115,573,433
11c50c6e4a_jpg.rf.f86bf70967cb67ecf18d4aaee127645f.jpg,640,640,deer,171,43,526,545
e12a861c34_jpg.rf.ff05c4d85ef44a13a214eff7ad22e717.jpg,640,640,deer,308,3,611,370
e12a861c34_jpg.rf.ff05c4d85ef44a13a214eff7ad22e717.jpg,640,640,deer,86,192,337,448
e159424ea5_jpg.rf.ff5735402c09d4598e6120102ad65d7a.jpg,640,640,deer,141,143,416,559
de02cda9cf_jpg.rf.f83a891d6e348341aa9473419b0f84c4.jpg,640,640,deer,349,6,529,194
f54b6f43cd_jpg.rf.fccabeb84b783b514a6ba1593361d42b.jpg,640,640,deer,146,3,326,540
dc26e228e5_jpg.rf.f8b8f2d09529fb108493755a43c553c8.jpg,640,640,deer,363,20,452,147
dc26e228e5_jpg.rf.f8b8f2d09529fb108493755a43c553c8.jpg,640,640,deer,307,146,398,260
dc26e228e5_jpg.rf.f8b8f2d09529fb108493755a43c553c8.jpg,640,640,deer,185,7,279,113
dc26e228e5_jpg.rf.f8b8f2d09529fb108493755a43c553c8.jpg,640,640,deer,238,116,306,229
dc26e228e5_jpg.rf.f8b8f2d09529fb108493755a43c553c8.jpg,640,640,deer,129,130,242,250
c6df31c97f_jpg.rf.fd747b3ad838670c6da1a98c3a0d9d53.jpg,640,640,deer,45,16,618,407
c6df31c97f_jpg.rf.fd747b3ad838670c6da1a98c3a0d9d53.jpg,640,640,deer,200,384,421,547
be98adba2e_jpg.rf.fe9ed49fc7dd5b5c4166aa2833df7cf2.jpg,640,640,deer,335,243,486,499
be98adba2e_jpg.rf.fe9ed49fc7dd5b5c4166aa2833df7cf2.jpg,640,640,deer,201,33,355,408
0d42c8b3b9_jpg.rf.fd41ff663c14d75d3fec1d0f08614f0f.jpg,640,640,deer,224,1,634,628
ea619162ac_jpg.rf.f8b200067810c6513085418d862f935c.jpg,640,640,deer,186,319,284,499
ea619162ac_jpg.rf.f8b200067810c6513085418d862f935c.jpg,640,640,deer,46,289,167,529
ea619162ac_jpg.rf.f8b200067810c6513085418d862f935c.jpg,640,640,deer,513,363,605,523
f3301b9ee2_jpg.rf.f9352bc5d3811a317b836f5816c128b2.jpg,640,640,deer,8,9,271,237
cd42e2d23c_jpg.rf.fad69adad0b2848169e57b08b458cf45.jpg,640,640,deer,335,43,481,197
ef8970979a_jpg.rf.f81467de7c0d111e57b96d183b4df33a.jpg,640,640,deer,249,79,397,332
d53fc8fbea_jpg.rf.ffdaa4eb147f7e6f106eea2dfae614ab.jpg,640,640,deer,398,20,595,231
d53fc8fbea_jpg.rf.ffdaa4eb147f7e6f106eea2dfae614ab.jpg,640,640,deer,152,278,332,432
c8bf630902_jpg.rf.fbe13dc050c6bd1c08642867af6d70e2.jpg,640,640,deer,174,112,337,306
e6b336021c_jpg.rf.fcfb1c5f66b4d3518b330c0d3d2a0b68.jpg,640,640,deer,335,141,446,254
e3911bbe23_jpg.rf.fcca688f3ecadac9666d60096ee282b8.jpg,640,640,deer,154,125,376,450
c310dd9b05_jpg.rf.fea043a1be56b6b699836fa37747b9a0.jpg,640,640,deer,199,101,448,322
dec0dccf94_jpg.rf.fd35899bb1d9659465229d1479329ec4.jpg,640,640,deer,401,47,608,501
e9d89d119d_jpg.rf.65119609b35a2d14ed29529be5e5c788.jpg,640,640,deer,3,14,439,421
d01febac51_jpg.rf.5f94dd575a7129e36ed35bbc7db312d7.jpg,640,640,deer,185,63,426,363
c093147aea_jpg.rf.614407ed85f788c9931e6213219dbb81.jpg,640,640,deer,326,95,621,412
e159424ea5_jpg.rf.661aec6ca5bfda65cc6dad40d7a62b25.jpg,640,640,deer,141,143,416,559
d5c8c2be08_jpg.rf.5a9473ffbfa607978a470eeed1938c9a.jpg,640,640,deer,303,132,464,370
f5491b0b28_jpg.rf.65b99e159da00ce4d163b9434945d777.jpg,640,640,deer,215,0,465,578
58ce644a53_jpg.rf.61d95af33c7049d9e1f31567f939ab22.jpg,640,640,deer,317,67,492,257
dd485708f8_jpg.rf.5a65869ca3e6c3edbb8cd5a23f0179ed.jpg,640,640,deer,252,126,416,507
a8be34dbd0_jpg.rf.63c6df13b4332c70967ef8729c47f1f9.jpg,640,640,deer,95,86,403,342
a8be34dbd0_jpg.rf.63c6df13b4332c70967ef8729c47f1f9.jpg,640,640,deer,398,258,534,371
ef9cc3edbe_jpg.rf.60c8554bb009815e74fc7c1508c74664.jpg,640,640,deer,104,218,197,333
ef9cc3edbe_jpg.rf.60c8554bb009815e74fc7c1508c74664.jpg,640,640,deer,374,375,457,468
b6cbefc302_jpg.rf.63f3731ab70f9102bbed8d58879065dc.jpg,640,640,deer,174,326,297,465
fd90334e3b_jpg.rf.63f687248b19ff707f57b7b525d074ba.jpg,640,640,deer,70,6,600,640
a1a47404e7_jpg.rf.681d2799f73169bc2cce2895a8e896d8.jpg,640,640,deer,162,39,311,267
da6dddd597_jpg.rf.6461003ef76f5f0eaed9c083707f05a0.jpg,640,640,deer,108,59,543,332
a1a47404e7_jpg.rf.664178dce522f10fdb68a1a4a42e7187.jpg,640,640,deer,162,39,311,267
f8e743bf45_jpg.rf.5d5138cdf28602f6722f995ed1589420.jpg,640,640,deer,159,175,401,407
0d42c8b3b9_jpg.rf.616c7cbe0ec19588d7cbe6ce6268e1ef.jpg,640,640,deer,224,1,634,628
e76709edf7_jpg.rf.644ebce43f4788071852d80109255f4e.jpg,640,640,deer,307,184,562,503
cf5431dc2a_jpg.rf.683091302b4166927921cd1e06457166.jpg,640,640,deer,78,38,603,625
ca857bb95e_jpg.rf.62cd8d52c0d1f88e3251a6926cb09e37.jpg,640,640,deer,87,88,370,437
c0c235bd8b_jpg.rf.66330560a3d27877dc4d0b203976d85b.jpg,640,640,deer,248,92,358,292
17fc20c082_jpg.rf.685d7b305f3281df2dd9231831c812b4.jpg,640,640,deer,378,92,582,381
ea619162ac_jpg.rf.6a3bbb0e8077cec97266936b377bfb97.jpg,640,640,deer,186,319,284,499
ea619162ac_jpg.rf.6a3bbb0e8077cec97266936b377bfb97.jpg,640,640,deer,46,289,167,529
ea619162ac_jpg.rf.6a3bbb0e8077cec97266936b377bfb97.jpg,640,640,deer,513,363,605,523
d01febac51_jpg.rf.6c1054582ccd9329f2f02a94e5138097.jpg,640,640,deer,214,63,455,363
f59831ed90_jpg.rf.6aec9b832178ddb988364106d55861ca.jpg,640,640,deer,0,128,640,600
cb88c1cead_jpg.rf.5c7c12861ddda7d3856c31e27b08e628.jpg,640,640,deer,167,82,551,273
b6cbefc302_jpg.rf.67d645dd9451aaeef64902d0e7804dd3.jpg,640,640,deer,174,326,297,465
0bdd8b2ba3_jpg.rf.69d4b830ca7603057cb3a38d95e1de7a.jpg,640,640,deer,63,7,636,635
aebc664610_jpg.rf.693cb8915cd1cad98bbe71294891cf28.jpg,640,640,deer,375,14,624,290
b5205f2bce_jpg.rf.6f38e43750656b0a8493d44be86c3a3c.jpg,640,640,deer,204,111,408,559
d53fc8fbea_jpg.rf.689c343a40fc5bc29dc7b20d3e02cd4c.jpg,640,640,deer,398,20,595,231
d53fc8fbea_jpg.rf.689c343a40fc5bc29dc7b20d3e02cd4c.jpg,640,640,deer,152,278,332,432
0d42c8b3b9_jpg.rf.69c62026ed13d3013be1e7f8fda72edc.jpg,640,640,deer,6,1,416,628
dec0dccf94_jpg.rf.7005cd7c03f7a5a6293753400f157028.jpg,640,640,deer,401,47,608,501
00fdcaa6df_jpg.rf.6db377d3db7fe73795c10e3974110a39.jpg,640,640,deer,115,19,508,441
00fdcaa6df_jpg.rf.6db377d3db7fe73795c10e3974110a39.jpg,640,640,deer,268,444,402,620
ea29dad359_jpg.rf.6d8413cfd26a95bf14a286f1b8e43ea5.jpg,640,640,deer,192,26,562,460
e7e5e80320_jpg.rf.6c39fad434333ccea881279914931eb0.jpg,640,640,deer,279,97,611,512
d0ad63695d_jpg.rf.625bb96c234bb3c2a0dce7d3ad858004.jpg,640,640,deer,248,4,464,254
d0ad63695d_jpg.rf.625bb96c234bb3c2a0dce7d3ad858004.jpg,640,640,deer,390,266,497,408
e159424ea5_jpg.rf.70d81a8684bb7d4fd9e7c9eac1d0bd2a.jpg,640,640,deer,224,143,499,559
3028e909d9_jpg.rf.702a192b009bc461f97dca40b8830ed2.jpg,640,640,deer,198,81,342,266
deb4e8d7c9_jpg.rf.71ef843c86bebd30c9c2ef43385f6ddf.jpg,640,640,deer,272,81,472,403
c35b11f5c9_jpg.rf.62bc2c209f2c30f65d67a74afa73c7db.jpg,640,640,deer,16,15,355,469
c35b11f5c9_jpg.rf.62bc2c209f2c30f65d67a74afa73c7db.jpg,640,640,deer,395,287,625,506
da6dddd597_jpg.rf.5f2888db7e25ad31ce9c723e20745653.jpg,640,640,deer,108,59,543,332
e24e2855f7_jpg.rf.6c7145e40d8542e8988720c397dc7534.jpg,640,640,deer,76,5,452,404
e555598dfd_jpg.rf.6e5da343d31e29d7c822df2f63277f02.jpg,640,640,deer,293,36,501,280
e555598dfd_jpg.rf.6e5da343d31e29d7c822df2f63277f02.jpg,640,640,deer,271,355,345,428
dce44069f2_jpg.rf.71abbe8b2a2162596210976a06bb52e2.jpg,640,640,deer,225,0,353,414
f1cf53823b_jpg.rf.70905e3fe66b28caa3e90a5739629b65.jpg,640,640,deer,259,187,640,640
e7e5e80320_jpg.rf.6fe441eb50094863cf5c57a8ecd9e7c9.jpg,640,640,deer,279,97,611,512
9da836299d_jpg.rf.72028ecf2f6cfb39dffe8e2e24bb3678.jpg,640,640,deer,4,57,487,367
58ce644a53_jpg.rf.72b091e7c239149bf6638c82bc23987f.jpg,640,640,deer,148,67,323,257
cdcb53004e_jpg.rf.72bb15f74d98bf9e90f712ed53bc1b53.jpg,640,640,deer,50,20,566,345
d531cd7bb0_jpg.rf.759452494e74f6d193526f6a840e76fa.jpg,640,640,deer,268,192,473,372
dd16163d62_jpg.rf.72fb61cd0c60df77d314a5efee9824c5.jpg,640,640,deer,146,37,326,290
1954dcd696_jpg.rf.74925f722e0468715a0277dc1457731f.jpg,640,640,deer,181,234,356,537
1088e66ae4_jpg.rf.75c9f95c398a280ee0927181a743a6ad.jpg,640,640,deer,59,45,568,530
fd937c042d_jpg.rf.74c448776cda50cb3c49fd6bb4ba4a41.jpg,640,640,deer,248,92,499,536
ca857bb95e_jpg.rf.7864734b845375e51c191ed65c5c4faf.jpg,640,640,deer,270,88,553,437
d218c3b043_jpg.rf.750b51e64de46ba878ab05c15606dfc9.jpg,640,640,deer,206,12,468,347
d218c3b043_jpg.rf.750b51e64de46ba878ab05c15606dfc9.jpg,640,640,deer,9,194,184,365
f539d72146_jpg.rf.729873f2c689998b89bb85314ac74642.jpg,640,640,deer,93,52,277,384
f539d72146_jpg.rf.729873f2c689998b89bb85314ac74642.jpg,640,640,deer,351,184,550,481
b68facf1c8_jpg.rf.73b43c5b3e776d2177aeee784537d17a.jpg,640,640,deer,260,159,450,447
ce03d47a8d_jpg.rf.758fc512e8ddd4304aa137af974ce4eb.jpg,640,640,deer,356,56,591,262
f8566c0f4f_jpg.rf.7725f67d2a594050ac8768d6e294dfe7.jpg,640,640,deer,91,94,534,459
fd40d74899_jpg.rf.7519cd346d46b45b124a8c1943ddbf0e.jpg,640,640,deer,332,49,543,347
ae2b6d9c54_jpg.rf.74852629f8c049aaa91f9a18f4e9300f.jpg,640,640,deer,104,68,302,217
ae2b6d9c54_jpg.rf.74852629f8c049aaa91f9a18f4e9300f.jpg,640,640,deer,405,202,499,336
bdcd03bf5e_jpg.rf.732de6801e8ca7b94f118c7535005f71.jpg,640,640,deer,82,4,290,309
dbadd4db68_jpg.rf.74e429bf0835c2999ad0f4202af5c8e4.jpg,640,640,deer,291,122,578,265
d218c3b043_jpg.rf.73dcb436c9d821aa0b725336fa8950de.jpg,640,640,deer,206,12,468,347
d218c3b043_jpg.rf.73dcb436c9d821aa0b725336fa8950de.jpg,640,640,deer,9,194,184,365
f95b655381_jpg.rf.7bac24501dc235e0fd06852cfc16392c.jpg,640,640,deer,92,76,578,560
9de2a5e7c0_jpg.rf.77ecf8a4adf555162cbb3a32aa7fe129.jpg,640,640,deer,193,106,312,242
dbd0301d17_jpg.rf.76e763c914c224a54ff1d27e279a4940.jpg,640,640,deer,9,102,98,238
dbd0301d17_jpg.rf.76e763c914c224a54ff1d27e279a4940.jpg,640,640,deer,349,191,441,295
bcf0b3d08a_jpg.rf.736dc9044760072d0d9f3c9e4e50f960.jpg,640,640,deer,318,104,634,327
bcf0b3d08a_jpg.rf.736dc9044760072d0d9f3c9e4e50f960.jpg,640,640,deer,212,178,309,289
ef8970979a_jpg.rf.7af1d615f3e599146757d92b2c9b3aa6.jpg,640,640,deer,243,79,391,332
faf4f74423_jpg.rf.79cf68ab2b1279fada4ccb68c3409482.jpg,640,640,deer,118,137,534,560
cd03c83a59_jpg.rf.7d62c7fa446339cd7b188390e1df0597.jpg,640,640,deer,162,81,430,574
cd03c83a59_jpg.rf.7fdba9570a009aebf61af6d7bec3b521.jpg,640,640,deer,211,81,479,574
d9b343687d_jpg.rf.774943c18cec5dab0aa647956e64b887.jpg,640,640,deer,74,150,226,444
e400fda16f_jpg.rf.82c39ea01d45e1742ebbb986eea1f09b.jpg,640,640,deer,63,84,417,438
1954dcd696_jpg.rf.8175aa5355682dd8aa3668ca9f4c2b84.jpg,640,640,deer,284,234,459,537
c093147aea_jpg.rf.8130ea6b7685b1fbcf1f3d3db21d9b40.jpg,640,640,deer,326,95,621,412
d8d52061b7_jpg.rf.832e1e65a84aede59b276a12d7763a86.jpg,640,640,deer,271,34,623,488
c44e9501b2_jpg.rf.83822bb794636790bb6e4b967396eb1e.jpg,640,640,deer,3,262,71,390
c44e9501b2_jpg.rf.83822bb794636790bb6e4b967396eb1e.jpg,640,640,deer,71,267,131,382
c44e9501b2_jpg.rf.83822bb794636790bb6e4b967396eb1e.jpg,640,640,deer,203,199,317,392
c44e9501b2_jpg.rf.83822bb794636790bb6e4b967396eb1e.jpg,640,640,deer,359,228,445,366
c44e9501b2_jpg.rf.83822bb794636790bb6e4b967396eb1e.jpg,640,640,deer,540,229,624,413
c2575fa57e_jpg.rf.7ed281405af249aba7b782ca010b1105.jpg,640,640,deer,311,79,560,231
c2575fa57e_jpg.rf.7ed281405af249aba7b782ca010b1105.jpg,640,640,deer,173,196,462,373
b68facf1c8_jpg.rf.8550176b333b322684a37f943a51443a.jpg,640,640,deer,190,159,380,447
f3951bdef1_jpg.rf.832329a4a3742e91ff93f32997d02882.jpg,640,640,deer,48,21,552,611
ddf39d34ee_jpg.rf.80588f5932ffe636277c1c6816359fc6.jpg,640,640,deer,243,77,342,233
d0ad63695d_jpg.rf.819d3da72da641f88c88b9e667931e79.jpg,640,640,deer,176,4,392,254
d0ad63695d_jpg.rf.819d3da72da641f88c88b9e667931e79.jpg,640,640,deer,143,266,250,408
f8c5fa3dfa_jpg.rf.7f50a4e4e5cfd24de9516fdc35a9fede.jpg,640,640,deer,17,138,140,397
f8c5fa3dfa_jpg.rf.7f50a4e4e5cfd24de9516fdc35a9fede.jpg,640,640,deer,97,166,194,540
f8c5fa3dfa_jpg.rf.7f50a4e4e5cfd24de9516fdc35a9fede.jpg,640,640,deer,420,163,637,377
f8c5fa3dfa_jpg.rf.7f50a4e4e5cfd24de9516fdc35a9fede.jpg,640,640,deer,220,152,291,530
e6b336021c_jpg.rf.894f25ae610992ed471804c1beda628a.jpg,640,640,deer,335,141,446,254
eeb3148a0d_jpg.rf.886ffb09b2a166c49f9b7f4e413a5616.jpg,640,640,deer,91,109,334,521
eeb3148a0d_jpg.rf.886ffb09b2a166c49f9b7f4e413a5616.jpg,640,640,deer,351,189,550,467
eeb3148a0d_jpg.rf.886ffb09b2a166c49f9b7f4e413a5616.jpg,640,640,deer,336,157,393,237
dddb6a6369_jpg.rf.899256d02952d54a20b9e95de571b4bf.jpg,640,640,deer,97,46,434,348
10965310c4_jpg.rf.8930eec7205066fe173f521918c1ca88.jpg,640,640,deer,211,349,359,532
e85b4d9a16_jpg.rf.8515c7b4f03f6b03805a01c6560398dd.jpg,640,640,deer,24,225,102,319
e85b4d9a16_jpg.rf.8515c7b4f03f6b03805a01c6560398dd.jpg,640,640,deer,416,190,486,292
dec4364012_jpg.rf.8a8dd6b74e7d7cfbf6cbefaecc326fe1.jpg,640,640,deer,194,10,434,397
e24e2855f7_jpg.rf.8b382c315b6f3b5bf41c19d3bf637765.jpg,640,640,deer,188,5,564,404
ec08aa0cd8_jpg.rf.8596c52605bf95a5334cca4c7aa7c171.jpg,640,640,deer,102,27,240,185
ec08aa0cd8_jpg.rf.8596c52605bf95a5334cca4c7aa7c171.jpg,640,640,deer,168,239,305,382
f3951bdef1_jpg.rf.8a39f2dad649fe671849e7ecd47ec3b3.jpg,640,640,deer,48,21,552,611
c4c0be2432_jpg.rf.80b6c756368fa0e860db2dcc311278e8.jpg,640,640,deer,288,0,545,420
fdbda869df_jpg.rf.8380fcf70b2be8fea481095d49b23ed6.jpg,640,640,deer,203,13,640,640
8bc1473b68_jpg.rf.88657741d706d7757e6a5d7a549b3ae4.jpg,640,640,deer,434,0,640,142
e76709edf7_jpg.rf.860ec556a04b6e45d2720b3b01b747a0.jpg,640,640,deer,307,184,562,503
c44e9501b2_jpg.rf.8c222d1f4841d736eb9222bb11870a77.jpg,640,640,deer,569,262,637,390
c44e9501b2_jpg.rf.8c222d1f4841d736eb9222bb11870a77.jpg,640,640,deer,509,267,569,382
c44e9501b2_jpg.rf.8c222d1f4841d736eb9222bb11870a77.jpg,640,640,deer,324,199,438,392
c44e9501b2_jpg.rf.8c222d1f4841d736eb9222bb11870a77.jpg,640,640,deer,195,228,281,366
c44e9501b2_jpg.rf.8c222d1f4841d736eb9222bb11870a77.jpg,640,640,deer,16,229,100,413
5f64ab23c1_jpg.rf.8b6798092f1d9b40809294f62e01ebf4.jpg,640,640,deer,4,213,176,478
5f64ab23c1_jpg.rf.8b6798092f1d9b40809294f62e01ebf4.jpg,640,640,deer,182,120,367,387
5f64ab23c1_jpg.rf.8b6798092f1d9b40809294f62e01ebf4.jpg,640,640,deer,392,78,544,296
fd5be7fb86_jpg.rf.85ecdbefa2e0da3c8bebca053b44308e.jpg,640,640,deer,105,33,252,385
f96cbdb7e5_jpg.rf.81de45e6121616ff45147a3d2a78e34c.jpg,640,640,deer,63,73,605,578
14dbe5af8e_jpg.rf.89eb23ef09741313086c5923b588a503.jpg,640,640,deer,161,22,316,369
e5bf71a5a3_jpg.rf.8ce1a37b5f1969276873ea61aa7d9949.jpg,640,640,deer,129,65,499,627
fcb81e1e90_jpg.rf.8c36f1afbfef60bb94a1f35e5e24c9de.jpg,640,640,deer,323,15,583,566
fcb81e1e90_jpg.rf.8c36f1afbfef60bb94a1f35e5e24c9de.jpg,640,640,deer,8,214,298,591
b595435188_jpg.rf.8d50e15ebeed7302f3eddcf77a877d23.jpg,640,640,deer,108,219,250,439
651a28afda_jpg.rf.8e6d0c2898367827e704f43eeb050f4b.jpg,640,640,deer,158,165,475,564
cbe29783fb_jpg.rf.8fb280a45b0e46528d6b81433f6d337c.jpg,640,640,deer,181,35,400,440
c310dd9b05_jpg.rf.8eb967e947c1aaea1a8cd0772005e0d0.jpg,640,640,deer,192,101,441,322
cbe29783fb_jpg.rf.8cf00bb09bb684b817c852ad1d22145b.jpg,640,640,deer,181,35,400,440
ca61ab1b1f_jpg.rf.8ce8ebe4211bea1c37197e881cfc1f20.jpg,640,640,deer,190,126,421,488
de02cda9cf_jpg.rf.8fcf3abdd8d4cc98d183636ef9a09888.jpg,640,640,deer,111,6,291,194
cd03c83a59_jpg.rf.90b29baaa8e23d5624f46d15dcb75914.jpg,640,640,deer,162,81,430,574
e9d89d119d_jpg.rf.8cd3e9a5e40ad4455439c6b9b07e199f.jpg,640,640,deer,201,14,637,421
22673f764c_jpg.rf.930eb89fa394690508f4a2b6e6199757.jpg,640,640,deer,154,203,430,468
efc8f34234_jpg.rf.91f2c78c9e4731d5314fa713b9c1362f.jpg,640,640,deer,33,14,350,567
f0ba5e507a_jpg.rf.911a07aff798577c7fe9e0cc92b21b18.jpg,640,640,deer,125,219,432,455
e24e2855f7_jpg.rf.92f09e85022d42b4d181c336923ea4bf.jpg,640,640,deer,188,5,564,404
d218c3b043_jpg.rf.8c5b52be215d88e27b76bd530adb924e.jpg,640,640,deer,172,12,434,347
d218c3b043_jpg.rf.8c5b52be215d88e27b76bd530adb924e.jpg,640,640,deer,456,194,631,365
dfd32bb54a2_jpg.rf.939b875c4daced6851d93332ca37cf81.jpg,640,640,deer,10,64,371,453
ef341fe6dc_jpg.rf.90ef86c421ec3277cefd2187fbb6098f.jpg,640,640,deer,280,29,586,313
f06d22003d_jpg.rf.7cd2f5c65fc23cdf72b7296f2839d907.jpg,640,640,deer,128,15,640,424
d584f108f1_jpg.rf.931a17be95531eb458d20948dbbbd60e.jpg,640,640,deer,90,29,346,255
1f28583fa5_jpg.rf.9072a6aaff232674409287bd0140542d.jpg,640,640,deer,217,33,450,361
992d2249f5_jpg.rf.951750fa9c2639b84136a05073bbc23b.jpg,640,640,deer,29,34,640,639
dce44069f2_jpg.rf.8e977a66f829e1d6029d239a8277fc21.jpg,640,640,deer,225,0,353,414
d70172235b_jpg.rf.9448babff18373af60596113ba03b9be.jpg,640,640,deer,122,27,585,513
e65993dffc_jpg.rf.90c0d76338b6d4d04620fb2daed0ea95.jpg,640,640,deer,306,198,425,461
e65993dffc_jpg.rf.90c0d76338b6d4d04620fb2daed0ea95.jpg,640,640,deer,349,81,551,296
df14f85bd4_jpg.rf.9990f260f1a7a156bfcee01d1213d6a9.jpg,640,640,deer,0,168,268,426
df14f85bd4_jpg.rf.9482d17ed5204b62b3fede9a673c93a5.jpg,640,640,deer,0,168,268,426
ea619162ac_jpg.rf.92e5b89e967bc99a3badca86e12a7f70.jpg,640,640,deer,186,319,284,499
ea619162ac_jpg.rf.92e5b89e967bc99a3badca86e12a7f70.jpg,640,640,deer,46,289,167,529
ea619162ac_jpg.rf.92e5b89e967bc99a3badca86e12a7f70.jpg,640,640,deer,513,363,605,523
e400fda16f_jpg.rf.93b1477d5970983c3f26c2db9c749561.jpg,640,640,deer,63,84,417,438
f506ea569b_jpg.rf.95384e49761b235f96f92320a667ce6f.jpg,640,640,deer,219,89,490,535
c093147aea_jpg.rf.90a001889986c302e17879fa385fe738.jpg,640,640,deer,326,95,621,412
c0f04942c1_jpg.rf.971da4de4d11e871a84a1bc46f920c74.jpg,640,640,deer,237,45,568,268
fe6618639d_jpg.rf.9756100cbb80982e6a0617869bcb7f26.jpg,640,640,deer,330,20,624,326
df81932a17_jpg.rf.9b286035b76443107e5c94901bd6c54e.jpg,640,640,deer,132,75,499,443
17fc20c082_jpg.rf.975bea120ecee240db410bfaa58e65ed.jpg,640,640,deer,58,92,262,381
22673f764c_jpg.rf.9741e935440274b880e29e9a776ccfb8.jpg,640,640,deer,154,203,430,468
e6b336021c_jpg.rf.992078114df68fdc129761aec9ebbbb2.jpg,640,640,deer,194,141,305,254
e4f889493f_jpg.rf.9e148bb7ab7394cf80775c8b368b771d.jpg,640,640,deer,255,107,451,407
e4f889493f_jpg.rf.9e148bb7ab7394cf80775c8b368b771d.jpg,640,640,deer,6,50,190,266
c01b01fce6_jpg.rf.9a9464a7528f195a0e4fd327464b9cda.jpg,640,640,deer,123,105,433,516
ce7440f340_jpg.rf.980bc318d87ced1e3a58940ef2bd29f2.jpg,640,640,deer,129,206,252,359
ce7440f340_jpg.rf.980bc318d87ced1e3a58940ef2bd29f2.jpg,640,640,deer,387,38,516,319
f263308db1_jpg.rf.96d8db4792959b1e5f4e3e5f9398504e.jpg,640,640,deer,265,139,590,271
f263308db1_jpg.rf.96d8db4792959b1e5f4e3e5f9398504e.jpg,640,640,deer,125,127,465,562
415ee7f99a_jpg.rf.9a9939e4adcf8d2797ebbb44c4c3b12c.jpg,640,640,deer,185,167,605,596
fd9bcfac5e_jpg.rf.9ebdba60ab50ddfe31be9b296e9a78b3.jpg,640,640,deer,147,142,468,337
fd9bcfac5e_jpg.rf.9ebdba60ab50ddfe31be9b296e9a78b3.jpg,640,640,deer,217,309,396,476
bee404064a_jpg.rf.9843512fd3adb6aee25a2a93ee9cb8f2.jpg,640,640,deer,120,25,467,607
c226ad906e_jpg.rf.9560b67dc070a094b1dc2064b18429b6.jpg,640,640,deer,235,197,300,313
c226ad906e_jpg.rf.9560b67dc070a094b1dc2064b18429b6.jpg,640,640,deer,364,312,434,408
dfd32bb54a2_jpg.rf.9fa10879cb0ac19f43278737a7aed5eb.jpg,640,640,deer,270,64,631,453
cb88c1cead_jpg.rf.9f73019a250483f3824f1470cace3636.jpg,640,640,deer,167,82,551,273
cfc0cfb8ff_jpg.rf.9f85592829a900c99fa24e9622281677.jpg,640,640,deer,110,4,550,640
c0825528fc_jpg.rf.9fc1a94c131e11291c36930cc4d6e3c9.jpg,640,640,deer,55,18,340,534
c0c235bd8b_jpg.rf.a0b76cabc09f8f10ec76334e6a084f4f.jpg,640,640,deer,282,92,392,292
cd42e2d23c_jpg.rf.a0eae2c5688afbb278f1533d020b9b2f.jpg,640,640,deer,159,43,305,197
fa34d3fa81_jpg.rf.99ab6a8f045c50ea651d3b444544a19b.jpg,640,640,deer,352,0,514,630
fa34d3fa81_jpg.rf.99ab6a8f045c50ea651d3b444544a19b.jpg,640,640,deer,0,223,235,640
04a53a216b_jpg.rf.a19c97ecf21911bc3382eaf160a09e37.jpg,640,640,deer,61,42,532,640
df6db1e808_jpg.rf.a20e3fd451ad7ce50a321e4ef1c17341.jpg,640,640,deer,392,104,634,300
dff70919b6_jpg.rf.a20c1d28c5061cfef6e00bb40970ac2e.jpg,640,640,deer,249,172,334,293
bd32df5be3_jpg.rf.a0bdf97abc7a993435dc429b116efdd3.jpg,640,640,deer,165,67,412,573
f539d72146_jpg.rf.a1eef3a54017cfd58174e7ea16676b51.jpg,640,640,deer,93,52,277,384
f539d72146_jpg.rf.a1eef3a54017cfd58174e7ea16676b51.jpg,640,640,deer,351,184,550,481
ea29dad359_jpg.rf.a1629946ea3906f1f56d3a82ad1aea81.jpg,640,640,deer,192,26,562,460
e1761fc675_jpg.rf.a4385561763b7f8e79a8e6f9be6e15ee.jpg,640,640,deer,263,116,464,464
9b1e8519de_jpg.rf.a38e1d3b20a81836fe1968455f67302e.jpg,640,640,deer,277,70,550,363
bc202e6b46_jpg.rf.a2befe4014d8d59156541d0d64c941ef.jpg,640,640,deer,107,27,625,573
de02cda9cf_jpg.rf.a84c126e0d66d1ab6994721e3d4efbc0.jpg,640,640,deer,349,6,529,194
f0626ae845_jpg.rf.a73a3d59564ea88c65eeee8b381d9c8d.jpg,640,640,deer,99,73,460,554
da6dddd597_jpg.rf.a57da10f8037a1c423d4cfe643a94680.jpg,640,640,deer,98,59,533,332
aebc664610_jpg.rf.a452a3b377785173004bbb311d2c4709.jpg,640,640,deer,16,14,265,290
dc26e228e5_jpg.rf.a9518e4e7ec6e96a6e26bc771c767e8d.jpg,640,640,deer,188,20,277,147
dc26e228e5_jpg.rf.a9518e4e7ec6e96a6e26bc771c767e8d.jpg,640,640,deer,242,146,333,260
dc26e228e5_jpg.rf.a9518e4e7ec6e96a6e26bc771c767e8d.jpg,640,640,deer,362,7,456,113
dc26e228e5_jpg.rf.a9518e4e7ec6e96a6e26bc771c767e8d.jpg,640,640,deer,334,116,402,229
dc26e228e5_jpg.rf.a9518e4e7ec6e96a6e26bc771c767e8d.jpg,640,640,deer,398,130,511,250
ce03d47a8d_jpg.rf.aaeb2e54afefead903568fe610efbcf7.jpg,640,640,deer,49,56,284,262
dff70919b6_jpg.rf.a5ab32082a357ba86a60bdd03707b3f1.jpg,640,640,deer,306,172,391,293
fcb81e1e90_jpg.rf.a5ea496e7d9248698ab9460e33ad2ce6.jpg,640,640,deer,58,15,318,566
fcb81e1e90_jpg.rf.a5ea496e7d9248698ab9460e33ad2ce6.jpg,640,640,deer,342,214,632,591
7a5bee0f95_jpg.rf.a5594bce0e0de082f2e6fafb534b3908.jpg,640,640,deer,281,83,380,448
b9478fa192_jpg.rf.a755eef3a9b55cf52d6a6c1eed93df13.jpg,640,640,deer,222,240,469,447
e85b4d9a16_jpg.rf.a5ddc2bbe5a03fb5c34e96b1a81f0435.jpg,640,640,deer,24,225,102,319
e85b4d9a16_jpg.rf.a5ddc2bbe5a03fb5c34e96b1a81f0435.jpg,640,640,deer,416,190,486,292
58ce644a53_jpg.rf.ad29a6886cc2abcc1b9d2ca212e4ee60.jpg,640,640,deer,148,67,323,257
b9478fa192_jpg.rf.ac5aa2db9a1864b95852eee459feb14a.jpg,640,640,deer,171,240,418,447
cfc0cfb8ff_jpg.rf.accce5859fcb38679cb5deaa582fef2b.jpg,640,640,deer,90,4,530,640
eb18e9876d_jpg.rf.a43ed41135dca3c5b51c28155014a0ee.jpg,640,640,deer,381,25,625,340
b595435188_jpg.rf.ad4c6d0241d3fa83aaa34c3466c43035.jpg,640,640,deer,390,219,532,439
bc202e6b46_jpg.rf.aa250f01e0c07552dca76318c72a50a2.jpg,640,640,deer,15,27,533,573
04637a6efa_jpg.rf.afcc1608b87c377e0d14414f528c5206.jpg,640,640,deer,398,27,566,228
020773fcda_jpg.rf.afcc2573d7d3cee99802b160bf87a8a2.jpg,640,640,deer,92,80,640,552
c0f04942c1_jpg.rf.ad54a74b63c0b856c5d343ebe4e8b58e.jpg,640,640,deer,237,45,568,268
9a7b1ce7ae_jpg.rf.afcd8de57d418ee8eeb65fe1156355f3.jpg,640,640,deer,103,104,317,444
c6f732e875_jpg.rf.b11019cf91c8f6e698822ae3aabc422c.jpg,640,640,deer,208,112,395,287
178f861075_jpg.rf.b1e2f45134206d6756fd66120f91d024.jpg,640,640,deer,274,5,478,214
178f861075_jpg.rf.b1e2f45134206d6756fd66120f91d024.jpg,640,640,deer,158,172,637,612
178f861075_jpg.rf.b1e2f45134206d6756fd66120f91d024.jpg,640,640,deer,0,30,274,227
ca857bb95e_jpg.rf.b24a811e22e23095695ac7ce3c858994.jpg,640,640,deer,270,88,553,437
f0626ae845_jpg.rf.b0c6299163f5dcfcf64e76f5e68a1bdb.jpg,640,640,deer,99,73,460,554
1088e66ae4_jpg.rf.a75a14f4e706f844924e3939c5c43f70.jpg,640,640,deer,59,45,568,530
c4c0be2432_jpg.rf.b0064455c5b6068af2cc87bd24c41eb8.jpg,640,640,deer,288,0,545,420
c0825528fc_jpg.rf.afe3ba8911cba467ded28de880845388.jpg,640,640,deer,300,18,585,534
df6db1e808_jpg.rf.b1b2ce7a17ec80e73a51f9dc50616ea9.jpg,640,640,deer,392,104,634,300
f2d0b3cb24_jpg.rf.b2897049f20c450305604ccf3cdfb9cd.jpg,640,640,deer,84,60,500,628
e4c951696f_jpg.rf.b3ff66ba1170b111c1a5c232ae9a9599.jpg,640,640,deer,153,54,568,487
fd90334e3b_jpg.rf.b40aa86b9bc7397cf68558671c047c53.jpg,640,640,deer,70,6,600,640
cbd08a8918_jpg.rf.b57e84f67b6ee04e051f1e3c748d3079.jpg,640,640,deer,131,17,312,327
c2575fa57e_jpg.rf.b54447f833f368f3be5f31613be2786d.jpg,640,640,deer,81,79,330,231
c2575fa57e_jpg.rf.b54447f833f368f3be5f31613be2786d.jpg,640,640,deer,178,196,467,373
df5c3f8e38_jpg.rf.b4f08efcdc0bd0aec3dfe0413a06c19e.jpg,640,640,deer,0,0,271,274
e4c951696f_jpg.rf.b600aa0a4a78fa862a96031bfa6fae62.jpg,640,640,deer,153,54,568,487
990f5e6e60_jpg.rf.b9e58e7780f927b6dbf69b381dbe9b66.jpg,640,640,deer,313,156,518,439
deb4e8d7c9_jpg.rf.b23c24760f6c06f1b62466474e96d567.jpg,640,640,deer,272,81,472,403
b23f5bb88b_jpg.rf.b2cac7064afa49ec6c40f60f134d4ec7.jpg,640,640,deer,138,140,394,467
c226ad906e_jpg.rf.b84f541c10ce88e9490be96646764dd0.jpg,640,640,deer,235,197,300,313
c226ad906e_jpg.rf.b84f541c10ce88e9490be96646764dd0.jpg,640,640,deer,364,312,434,408
e5bf71a5a3_jpg.rf.b8fd5654511cbb72a214132d4e7ee416.jpg,640,640,deer,141,65,511,627
5f64ab23c1_jpg.rf.b98da65a57aa0fe8df316c472569fce1.jpg,640,640,deer,4,213,176,478
5f64ab23c1_jpg.rf.b98da65a57aa0fe8df316c472569fce1.jpg,640,640,deer,182,120,367,387
5f64ab23c1_jpg.rf.b98da65a57aa0fe8df316c472569fce1.jpg,640,640,deer,392,78,544,296
b23f5bb88b_jpg.rf.b70a34dca801a942af56c277c4963ffe.jpg,640,640,deer,247,140,503,467
e39a6aa741_jpg.rf.bde85751c0d29df7bdc773922ebeb74b.jpg,640,640,deer,151,159,384,531
c01b01fce6_jpg.rf.bbd8b79580b7134f801fd7191a2679e5.jpg,640,640,deer,123,105,433,516
fb8a602bbd_jpg.rf.be11008cc331edaa039b543154125eba.jpg,640,640,deer,46,52,561,572
ae2b6d9c54_jpg.rf.be43ebb37b3f2b2b158590f86ad13d21.jpg,640,640,deer,338,68,536,217
ae2b6d9c54_jpg.rf.be43ebb37b3f2b2b158590f86ad13d21.jpg,640,640,deer,141,202,235,336
9b1e8519de_jpg.rf.bbc21d11bd3f2d0abe9d22d0492d4857.jpg,640,640,deer,277,70,550,363
0d99ac6e2f_jpg.rf.bf0a791df111d8e0fc89d4ce450e26e5.jpg,640,640,deer,23,135,367,389
0d99ac6e2f_jpg.rf.bf0a791df111d8e0fc89d4ce450e26e5.jpg,640,640,deer,343,212,633,504
0d99ac6e2f_jpg.rf.bf0a791df111d8e0fc89d4ce450e26e5.jpg,640,640,deer,247,404,396,520
cd3b8ffe1a_jpg.rf.bbd0039a38b32c9f366daeb2ce07abb4.jpg,640,640,deer,237,27,393,349
cd3b8ffe1a_jpg.rf.bbd0039a38b32c9f366daeb2ce07abb4.jpg,640,640,deer,211,218,304,372
7a5bee0f95_jpg.rf.bcf9d222ceef6f2aef6b69b24340fee3.jpg,640,640,deer,281,83,380,448
ad480eded9_jpg.rf.bf71890783f01cfa4090d482fe5e3b04.jpg,640,640,deer,150,24,290,131
ad480eded9_jpg.rf.bf71890783f01cfa4090d482fe5e3b04.jpg,640,640,deer,311,118,433,202
dd485708f8_jpg.rf.bdd261f11bc4b69da9f94475c0d63e82.jpg,640,640,deer,252,126,416,507
0d99ac6e2f_jpg.rf.c20295cf73aa350ce7823a33baaabb1b.jpg,640,640,deer,273,135,617,389
0d99ac6e2f_jpg.rf.c20295cf73aa350ce7823a33baaabb1b.jpg,640,640,deer,7,212,297,504
0d99ac6e2f_jpg.rf.c20295cf73aa350ce7823a33baaabb1b.jpg,640,640,deer,244,404,393,520
c8bf630902_jpg.rf.bd0dee169f222ac7084378dbe3ed20a0.jpg,640,640,deer,303,112,466,306
c6b9ede45b_jpg.rf.bd3a903785138e9fbd6b62fed30e31d0.jpg,640,640,deer,74,101,333,460
f8c5fa3dfa_jpg.rf.bc2a2e4eeb50b851e9d7ba3ff44299e7.jpg,640,640,deer,17,138,140,397
f8c5fa3dfa_jpg.rf.bc2a2e4eeb50b851e9d7ba3ff44299e7.jpg,640,640,deer,97,166,194,540
f8c5fa3dfa_jpg.rf.bc2a2e4eeb50b851e9d7ba3ff44299e7.jpg,640,640,deer,420,163,637,377
f8c5fa3dfa_jpg.rf.bc2a2e4eeb50b851e9d7ba3ff44299e7.jpg,640,640,deer,220,152,291,530
f2d0b3cb24_jpg.rf.c23f4087f633500bfc21adb827c6ba54.jpg,640,640,deer,84,60,500,628
d584f108f1_jpg.rf.c5d2eb1dc5bfa26adc253385553845e7.jpg,640,640,deer,294,29,550,255
178f861075_jpg.rf.c1c045c211bf62858e8bf6d0e72852dd.jpg,640,640,deer,274,5,478,214
178f861075_jpg.rf.c1c045c211bf62858e8bf6d0e72852dd.jpg,640,640,deer,158,172,637,612
178f861075_jpg.rf.c1c045c211bf62858e8bf6d0e72852dd.jpg,640,640,deer,0,30,274,227
ff83c1509b_jpg.rf.c07d52a940c16c8ae45acef3656790af.jpg,640,640,deer,344,101,440,269
fd40d74899_jpg.rf.c1284f891e72e97f2688d47f5f2d3dcc.jpg,640,640,deer,332,49,543,347
f9f010e651_jpg.rf.c1c6ac2634081f58658f387c08f4e4bb.jpg,640,640,deer,0,3,640,640
f0ba5e507a_jpg.rf.bf57c15b20df3ab029594ab991aa9c9b.jpg,640,640,deer,209,219,516,455
e555598dfd_jpg.rf.bf8fbed42b1d7a56334e30253cd51dea.jpg,640,640,deer,140,36,348,280
e555598dfd_jpg.rf.bf8fbed42b1d7a56334e30253cd51dea.jpg,640,640,deer,296,355,370,428
d531cd7bb0_jpg.rf.c271bacd2a6addc4caab63afba4b111d.jpg,640,640,deer,268,192,473,372
ec08aa0cd8_jpg.rf.c37593c0495ae1538f6cf0e8cb24da0e.jpg,640,640,deer,400,27,538,185
ec08aa0cd8_jpg.rf.c37593c0495ae1538f6cf0e8cb24da0e.jpg,640,640,deer,336,239,473,382
2117417b10_jpg.rf.c5fd818e4cdb52b8a32a9deb11570e05.jpg,640,640,deer,48,137,593,542
c8ee0fafa8_jpg.rf.c0643246c3397d893821b54d10400743.jpg,640,640,deer,193,14,528,615
3028e909d9_jpg.rf.c1e4ad410a4069480d6cc5460f66ba46.jpg,640,640,deer,198,81,342,266
fb3430f920_jpg.rf.c22dc6c40dde90a420b7e8cdb61d4ee9.jpg,640,640,deer,231,62,352,337
00fdcaa6df_jpg.rf.afa3ecbbd7e5ecaa90dd5ec58823f232.jpg,640,640,deer,132,19,525,441
00fdcaa6df_jpg.rf.afa3ecbbd7e5ecaa90dd5ec58823f232.jpg,640,640,deer,238,444,372,620
ebad4b6d43_jpg.rf.ca9a6bdb6d42dd6cd0d8cf73eebf4847.jpg,640,640,deer,301,21,546,532
ebad4b6d43_jpg.rf.ca9a6bdb6d42dd6cd0d8cf73eebf4847.jpg,640,640,deer,56,228,335,600
f3951bdef1_jpg.rf.c85242de64fc908c3aa4250840277775.jpg,640,640,deer,48,21,552,611
fb8a602bbd_jpg.rf.c8bb66b0543d586d9aef1f9d691450fb.jpg,640,640,deer,46,52,561,572
c6f732e875_jpg.rf.cd0689c070a851ad03f9fe3847aea83c.jpg,640,640,deer,208,112,395,287
9b8e308461_jpg.rf.c61b694e8b8f3d3118abecaa1b7f6839.jpg,640,640,deer,217,43,425,382
bd32df5be3_jpg.rf.cb646e735e742ac9d3e3bca471f72f1a.jpg,640,640,deer,165,67,412,573
df6db1e808_jpg.rf.cf5f6487b313d54c2fef96f6a94ab777.jpg,640,640,deer,392,104,634,300
b5c8dfb021_jpg.rf.cdb4e49be8f72990a29907b2a8a6c208.jpg,640,640,deer,339,73,488,275
ed3b61c6f4_jpg.rf.cf400be2afce8c648cd680dc17cb19ff.jpg,640,640,deer,391,189,477,453
ed3b61c6f4_jpg.rf.cf400be2afce8c648cd680dc17cb19ff.jpg,640,640,deer,253,219,401,396
d0ad63695d_jpg.rf.cc1895f4fe4210835c026671c493a539.jpg,640,640,deer,176,4,392,254
d0ad63695d_jpg.rf.cc1895f4fe4210835c026671c493a539.jpg,640,640,deer,143,266,250,408
c35b11f5c9_jpg.rf.ce7fdc2d1050ec75da631380e1b641d4.jpg,640,640,deer,285,15,624,469
c35b11f5c9_jpg.rf.ce7fdc2d1050ec75da631380e1b641d4.jpg,640,640,deer,15,287,245,506
cdcb53004e_jpg.rf.cf09453cb5bf43d51c86d23a8ff98967.jpg,640,640,deer,75,20,591,345
e4f889493f_jpg.rf.caa7a758a8d92c20293e21d26f553365.jpg,640,640,deer,255,107,451,407
e4f889493f_jpg.rf.caa7a758a8d92c20293e21d26f553365.jpg,640,640,deer,6,50,190,266
f06d22003d_jpg.rf.004b266bd7149431ffdedf3e35ae1e2c.jpg,640,640,deer,128,15,640,424
c6f732e875_jpg.rf.006d4996eeedd1f1f1ca3ce7c46d30ea.jpg,640,640,deer,208,112,395,287
dddb6a6369_jpg.rf.0021cb58bee9ef07aa98541730f4be6e.jpg,640,640,deer,97,46,434,348
f95b655381_jpg.rf.0457d0fe6d9197fecdb93d4f28f4edbb.jpg,640,640,deer,92,76,578,560
c3fee535d6_jpg.rf.03eb04529fe2f47cab34288051f6235f.jpg,640,640,deer,229,312,364,511
e85b4d9a16_jpg.rf.05683c3e5ac670c974ab8cb1ca6033b4.jpg,640,640,deer,24,225,102,319
e85b4d9a16_jpg.rf.05683c3e5ac670c974ab8cb1ca6033b4.jpg,640,640,deer,416,190,486,292
b5205f2bce_jpg.rf.064c76decf7ddc75603d5f906b64af56.jpg,640,640,deer,232,111,436,559
fa34d3fa81_jpg.rf.04a52000abce77c71166829124ddc3ba.jpg,640,640,deer,352,0,514,630
fa34d3fa81_jpg.rf.04a52000abce77c71166829124ddc3ba.jpg,640,640,deer,0,223,235,640
fd6d92ca20_jpg.rf.05f6a41caa7e6bd4b7aed8530cba86ec.jpg,640,640,deer,55,158,329,423
fd6d92ca20_jpg.rf.05f6a41caa7e6bd4b7aed8530cba86ec.jpg,640,640,deer,298,83,515,329
f5667086fc_jpg.rf.0640838acc6c7e926ddbe5a826f34162.jpg,640,640,deer,0,32,528,640
651a28afda_jpg.rf.0312e70e6c05204fe206d7129647d245.jpg,640,640,deer,158,165,475,564
cd39001783_jpg.rf.066427ab486aa92225bb3483961fa9af.jpg,640,640,deer,71,3,348,277
ef341fe6dc_jpg.rf.0241774d77c92cf0d222c4c3176a03aa.jpg,640,640,deer,280,29,586,313
f9f010e651_jpg.rf.062cf79e948f1ae645a43b51539cdcb1.jpg,640,640,deer,0,3,640,640
b595435188_jpg.rf.038b9030cc725ecb2d1689e0d510d2de.jpg,640,640,deer,108,219,250,439
e65993dffc_jpg.rf.073276420d066ef1364e20a09eb1cca1.jpg,640,640,deer,306,198,425,461
e65993dffc_jpg.rf.073276420d066ef1364e20a09eb1cca1.jpg,640,640,deer,349,81,551,296
c6b9ede45b_jpg.rf.07a528b0659d03eb6de18279a5f69e4a.jpg,640,640,deer,74,101,333,460
f3301b9ee2_jpg.rf.07dfd8567cc271a3f360e7efdbc27301.jpg,640,640,deer,370,9,633,237
aebc664610_jpg.rf.07b3d419c19a0be9689711b969855864.jpg,640,640,deer,16,14,265,290
c8ee0fafa8_jpg.rf.08eb80bb0ab7733452b6c5bfc258e5e8.jpg,640,640,deer,113,14,448,615
3896c2f3ab_jpg.rf.08a273d33755cc6eefb1b5dc2c821bbe.jpg,640,640,deer,94,129,271,245
3896c2f3ab_jpg.rf.08a273d33755cc6eefb1b5dc2c821bbe.jpg,640,640,deer,177,353,280,453
c0825528fc_jpg.rf.099df972c96cc4c74bf34726b326e07f.jpg,640,640,deer,300,18,585,534
415ee7f99a_jpg.rf.0c027c017c433ddea109eaeab368b35e.jpg,640,640,deer,35,167,455,596
bc202e6b46_jpg.rf.084a14bdb2debe740e032b08eba9a74e.jpg,640,640,deer,107,27,625,573
b9478fa192_jpg.rf.0bff96f024cab5fba66b754871696e5c.jpg,640,640,deer,171,240,418,447
cd39001783_jpg.rf.0f137f4e18107e565d66a2259470595b.jpg,640,640,deer,293,3,570,277
dff70919b6_jpg.rf.0c975e5298466ebb3aab91b7fa815ddd.jpg,640,640,deer,306,172,391,293
ed3b61c6f4_jpg.rf.0bfd58d68d2fb41d4d0531e45f05cbc0.jpg,640,640,deer,163,189,249,453
ed3b61c6f4_jpg.rf.0bfd58d68d2fb41d4d0531e45f05cbc0.jpg,640,640,deer,239,219,387,396
d6f44e16c0_jpg.rf.08433d758fb70e1554a6d722eaddac87.jpg,640,640,deer,30,33,608,535
f95b655381_jpg.rf.0f8979190dcaa361767ddf812912d124.jpg,640,640,deer,62,76,548,560
9b1e8519de_jpg.rf.0f21432c0049caacd39470cfbf0423a9.jpg,640,640,deer,277,70,550,363
e4f889493f_jpg.rf.11dcaa460baaee43958bb52bdfe547f3.jpg,640,640,deer,189,107,385,407
e4f889493f_jpg.rf.11dcaa460baaee43958bb52bdfe547f3.jpg,640,640,deer,451,50,635,266
fe6618639d_jpg.rf.1177f01a304cba38ceb8d22f55e7d843.jpg,640,640,deer,16,20,310,326
c787455f12_jpg.rf.11f2621a6bb650d12dbe615c3d690412.jpg,640,640,deer,130,189,279,371
cf5431dc2a_jpg.rf.0c21adf55e72e60eeeed81652268f4ce.jpg,640,640,deer,37,38,562,625
cd3b8ffe1a_jpg.rf.0db47df358ac8c666162e1d01f6b3a83.jpg,640,640,deer,237,27,393,349
cd3b8ffe1a_jpg.rf.0db47df358ac8c666162e1d01f6b3a83.jpg,640,640,deer,211,218,304,372
bd95b94a06_jpg.rf.097f9b4bb0eb2d5916b081e6a1aeebbc.jpg,640,640,deer,221,110,328,259
df5c3f8e38_jpg.rf.125e13d0ebe8650920614890eb1516a5.jpg,640,640,deer,0,0,271,274
f59831ed90_jpg.rf.13a93d3cdc2672fd88420fdc08df5fd8.jpg,640,640,deer,0,128,640,600
fd5be7fb86_jpg.rf.0e0009ffa41c5114e54161d2d066e88d.jpg,640,640,deer,389,33,536,385
e12a861c34_jpg.rf.0ebb200562af712631d3bf26e73add96.jpg,640,640,deer,308,3,611,370
e12a861c34_jpg.rf.0ebb200562af712631d3bf26e73add96.jpg,640,640,deer,86,192,337,448
3028e909d9_jpg.rf.0e184be139c1a42269bfc6c41db74cf8.jpg,640,640,deer,298,81,442,266
fb3430f920_jpg.rf.0e2f79d52bc42fff79ddbe4055fae4ea.jpg,640,640,deer,289,62,410,337
e12a861c34_jpg.rf.0f5e7ff3bcf6e998932e7e6c07b1418a.jpg,640,640,deer,30,3,333,370
e12a861c34_jpg.rf.0f5e7ff3bcf6e998932e7e6c07b1418a.jpg,640,640,deer,303,192,554,448
11c50c6e4a_jpg.rf.14635f02f25619b94f6b7e4077fff307.jpg,640,640,deer,171,43,526,545
0bdd8b2ba3_jpg.rf.134231819dce4aad764534df5fe5cec4.jpg,640,640,deer,4,7,577,635
d53fc8fbea_jpg.rf.1575c05021fd05a7d1e199a34571e395.jpg,640,640,deer,45,20,242,231
d53fc8fbea_jpg.rf.1575c05021fd05a7d1e199a34571e395.jpg,640,640,deer,309,278,489,432
3896c2f3ab_jpg.rf.15bb146bf51c5c3af66636a1dceea0fb.jpg,640,640,deer,94,129,271,245
3896c2f3ab_jpg.rf.15bb146bf51c5c3af66636a1dceea0fb.jpg,640,640,deer,177,353,280,453
dbadd4db68_jpg.rf.15ddad4c934d396cc2458b1ceec40902.jpg,640,640,deer,62,122,349,265
c4c0be2432_jpg.rf.13a1e784c02f3c0ae2d03a37c86dd7ed.jpg,640,640,deer,95,0,352,420
3896c2f3ab_jpg.rf.148b7edfdc1d90c7563d7be48674d4ce.jpg,640,640,deer,94,129,271,245
3896c2f3ab_jpg.rf.148b7edfdc1d90c7563d7be48674d4ce.jpg,640,640,deer,177,353,280,453
17fc20c082_jpg.rf.13665783645dfcd940df4073339fcd4b.jpg,640,640,deer,378,92,582,381
f0ba5e507a_jpg.rf.16b594d843ca03f22f95397b435896dd.jpg,640,640,deer,125,219,432,455
789d5733d0_jpg.rf.133da10910beca0ed114eb263e789370.jpg,640,640,deer,67,115,342,433
609e8018d8_jpg.rf.16d8c5bc7e889cf4eca813dfb7bcb455.jpg,640,640,deer,207,111,460,394
95e3856962_jpg.rf.17bb1519eb1397b39037a6fda784fbbd.jpg,640,640,deer,209,97,477,312
c1cc2a591e_jpg.rf.161fa1a06a335e95b515699ff5358d72.jpg,640,640,deer,110,341,599,579
c1cc2a591e_jpg.rf.161fa1a06a335e95b515699ff5358d72.jpg,640,640,deer,455,42,631,341
c226ad906e_jpg.rf.1604c840301bad77dfb2cb98f110ccf3.jpg,640,640,deer,235,197,300,313
c226ad906e_jpg.rf.1604c840301bad77dfb2cb98f110ccf3.jpg,640,640,deer,364,312,434,408
ede866ae2c_jpg.rf.18823d062d6535dee8845838ddcc6277.jpg,640,640,deer,29,14,231,229
14dbe5af8e_jpg.rf.18291188482f82e1d1d378b651cee5ab.jpg,640,640,deer,161,22,316,369
651a28afda_jpg.rf.175cf82ecf9868ee13cad406bd42d2f9.jpg,640,640,deer,165,165,482,564
efc8f34234_jpg.rf.18a44433c5fc9da1f1f0d4260ca5deec.jpg,640,640,deer,290,14,607,567
cd3b8ffe1a_jpg.rf.19390c57bf9d8a5ac7949e62e0e22276.jpg,640,640,deer,247,27,403,349
cd3b8ffe1a_jpg.rf.19390c57bf9d8a5ac7949e62e0e22276.jpg,640,640,deer,336,218,429,372
ed3b61c6f4_jpg.rf.179b685177e799731e82ce1b4fbf2806.jpg,640,640,deer,391,189,477,453
ed3b61c6f4_jpg.rf.179b685177e799731e82ce1b4fbf2806.jpg,640,640,deer,253,219,401,396
1433eed2a1_jpg.rf.190303823e559af87ad3df885a77e87d.jpg,640,640,deer,136,9,421,621
d584f108f1_jpg.rf.2002cc56f80cb094dc414fd2f0e033a2.jpg,640,640,deer,90,29,346,255
fd937c042d_jpg.rf.1be04644bcdf38d2e34841e5f2eb634a.jpg,640,640,deer,141,92,392,536
e555598dfd_jpg.rf.1ba8dc0870ca7426578d14d81f2203e1.jpg,640,640,deer,140,36,348,280
e555598dfd_jpg.rf.1ba8dc0870ca7426578d14d81f2203e1.jpg,640,640,deer,296,355,370,428
c431d59498_jpg.rf.1b47adfb928d4cf6b29733839e08f15b.jpg,640,640,deer,287,16,584,378
8bc1473b68_jpg.rf.1998f8799d3694c241d3841e162f67b3.jpg,640,640,deer,434,0,640,142
bd95b94a06_jpg.rf.1e3a6c7b59f0249aaa152b8fb63e16d2.jpg,640,640,deer,313,110,420,259
ce7440f340_jpg.rf.1d983cae91e729b7c70267a8defbfd38.jpg,640,640,deer,389,206,512,359
ce7440f340_jpg.rf.1d983cae91e729b7c70267a8defbfd38.jpg,640,640,deer,125,38,254,319
178f861075_jpg.rf.1aa9b1d89ffae4fd4d85a23d62048577.jpg,640,640,deer,162,5,366,214
178f861075_jpg.rf.1aa9b1d89ffae4fd4d85a23d62048577.jpg,640,640,deer,4,172,483,612
178f861075_jpg.rf.1aa9b1d89ffae4fd4d85a23d62048577.jpg,640,640,deer,366,30,640,227
ddf39d34ee_jpg.rf.1e4e0248a8c318be0df9b5d2926a51fc.jpg,640,640,deer,298,77,397,233
f263308db1_jpg.rf.1ab869234d4b1c7c16e66e9226574c4a.jpg,640,640,deer,265,139,590,271
f263308db1_jpg.rf.1ab869234d4b1c7c16e66e9226574c4a.jpg,640,640,deer,125,127,465,562
cd39001783_jpg.rf.190a886c6930a9a3f8f7b0d8c9111dcc.jpg,640,640,deer,71,3,348,277
ff83c1509b_jpg.rf.1c4ef9d4007b5cbecf2bf17279e550bd.jpg,640,640,deer,200,101,296,269
8bc1473b68_jpg.rf.218ba006eb5ae882355d5a5fa3535653.jpg,640,640,deer,0,0,206,142
d70172235b_jpg.rf.1d9df54fa149de3f915fa276f7fcfee9.jpg,640,640,deer,55,27,518,513
e914cfdd9e_jpg.rf.160983130e8b36520c3e5ae9ada57197.jpg,640,640,deer,72,48,566,549
df81932a17_jpg.rf.1f4c5432cce340c292620523a07632f9.jpg,640,640,deer,132,75,499,443
b5c8dfb021_jpg.rf.1db63c81613e93ba2dd5be183a4afad2.jpg,640,640,deer,152,73,301,275
c475dcb6c5_jpg.rf.1f738b06a48c7e8074f0c52c8978d822.jpg,640,640,deer,80,337,289,550
992d2249f5_jpg.rf.1ff8066c60e28d773208d6f32f09987f.jpg,640,640,deer,0,34,611,639
dbd0301d17_jpg.rf.26395d8ea32f7d21164b64c46d26dd3c.jpg,640,640,deer,9,102,98,238
dbd0301d17_jpg.rf.26395d8ea32f7d21164b64c46d26dd3c.jpg,640,640,deer,349,191,441,295
ae2b6d9c54_jpg.rf.2240376d5417836865c617e5569e2d39.jpg,640,640,deer,338,68,536,217
ae2b6d9c54_jpg.rf.2240376d5417836865c617e5569e2d39.jpg,640,640,deer,141,202,235,336
1954dcd696_jpg.rf.23d4983441150644cd3ec508e59344af.jpg,640,640,deer,284,234,459,537
d9b343687d_jpg.rf.2520d3c412cc17f8b33166bc2137cb82.jpg,640,640,deer,74,150,226,444
9b8e308461_jpg.rf.23c07646f425f2a22353925cdb3b72ca.jpg,640,640,deer,217,43,425,382
ea29dad359_jpg.rf.276d32b69098f18320166eb5ce925449.jpg,640,640,deer,192,26,562,460
ad480eded9_jpg.rf.27de849d5a5602c6be204b91db21ddb5.jpg,640,640,deer,350,24,490,131
ad480eded9_jpg.rf.27de849d5a5602c6be204b91db21ddb5.jpg,640,640,deer,207,118,329,202
ede866ae2c_jpg.rf.250b4d2f0e247e795d8b6f51ce3f4b07.jpg,640,640,deer,410,14,612,229
b23f5bb88b_jpg.rf.272591001d16d5dbf6357924b0ecd380.jpg,640,640,deer,247,140,503,467
dbadd4db68_jpg.rf.27ea599a4bf428929bf1b36ad95f5aa3.jpg,640,640,deer,291,122,578,265
609e8018d8_jpg.rf.1abacbb4dd403fd7915ef518541ea438.jpg,640,640,deer,207,111,460,394
ede866ae2c_jpg.rf.281e9727871602eb39136019216a79bf.jpg,640,640,deer,29,14,231,229
f96cbdb7e5_jpg.rf.2a9b87411f46f04f4ee179a4a347e601.jpg,640,640,deer,63,73,605,578
ebad4b6d43_jpg.rf.238662cb83e80d882ebc38121c5e1413.jpg,640,640,deer,301,21,546,532
ebad4b6d43_jpg.rf.238662cb83e80d882ebc38121c5e1413.jpg,640,640,deer,56,228,335,600
11c50c6e4a_jpg.rf.2b4bd197863caeceb46de31fe3d8c153.jpg,640,640,deer,115,43,470,545
415ee7f99a_jpg.rf.29880b3707f7a6802eb066810cbf3805.jpg,640,640,deer,185,167,605,596
020773fcda_jpg.rf.27f8705fe1a181ebd13d40baf1978b0b.jpg,640,640,deer,92,80,640,552
e3911bbe23_jpg.rf.2f114ecec18f032516768de11a1c5a40.jpg,640,640,deer,154,125,376,450
97de903859_jpg.rf.298c56907abe439bed5c71d4d52d4fae.jpg,640,640,deer,0,7,633,640
be98adba2e_jpg.rf.2fcb479451c5ca6a0e2868d5b772213b.jpg,640,640,deer,155,243,306,499
be98adba2e_jpg.rf.2fcb479451c5ca6a0e2868d5b772213b.jpg,640,640,deer,285,33,439,408
f9f010e651_jpg.rf.2cbd39aa1ae5ee57c97fe0dc4459226d.jpg,640,640,deer,0,3,640,640
1088e66ae4_jpg.rf.2bb6bc7c417f251a583051b1a56aac4e.jpg,640,640,deer,72,45,581,530
f81ce647e5_jpg.rf.32a6f92c0894a88a9c974a8efcee7bc1.jpg,640,640,deer,23,0,551,640
df81932a17_jpg.rf.2e4a4d6d9e322247bcbaa69a4441cfc6.jpg,640,640,deer,141,75,508,443
fd6d92ca20_jpg.rf.2a61782e8ba6a7a24c75a92144a9d479.jpg,640,640,deer,55,158,329,423
fd6d92ca20_jpg.rf.2a61782e8ba6a7a24c75a92144a9d479.jpg,640,640,deer,298,83,515,329
e914cfdd9e_jpg.rf.3051ec68a8f5f55d99dd676b3caa4988.jpg,640,640,deer,74,48,568,549
dec4364012_jpg.rf.2c66b56a44607c038b8b5cb8dbfc07d0.jpg,640,640,deer,194,10,434,397
ef341fe6dc_jpg.rf.2a05362f5450a250e3fcbd16e6d79c76.jpg,640,640,deer,280,29,586,313
cbd08a8918_jpg.rf.2c7b66337f03a8f008abf777d3f7e8d4.jpg,640,640,deer,328,17,509,327
ebad4b6d43_jpg.rf.2b1e0c22b376888b306daeee153fcda0.jpg,640,640,deer,95,21,340,532
ebad4b6d43_jpg.rf.2b1e0c22b376888b306daeee153fcda0.jpg,640,640,deer,305,228,584,600
fb8a602bbd_jpg.rf.32eee455ad42af0d7a229c87aeac1554.jpg,640,640,deer,46,52,561,572
c787455f12_jpg.rf.33ebc3901f5f233a198fc05b52888ad1.jpg,640,640,deer,130,189,279,371
ef8970979a_jpg.rf.34b6142e084bf97a101677c78758e591.jpg,640,640,deer,243,79,391,332
e39a6aa741_jpg.rf.31f5a329d0f2fc1236781c5387848e3e.jpg,640,640,deer,151,159,384,531
c475dcb6c5_jpg.rf.2a323cde29aa1cf7b1f2913c60f67823.jpg,640,640,deer,80,337,289,550
992d2249f5_jpg.rf.3494678c3de5d07372aa9aaa51660ef3.jpg,640,640,deer,0,34,611,639
df942f6b0a_jpg.rf.334c9a49f9ea481e67849a1cb510b2cf.jpg,640,640,deer,331,1,637,438
c6df31c97f_jpg.rf.37ef108068fb1752e081bcbe549b1762.jpg,640,640,deer,45,16,618,407
c6df31c97f_jpg.rf.37ef108068fb1752e081bcbe549b1762.jpg,640,640,deer,200,384,421,547
c8bf630902_jpg.rf.3a4e6aa4c12c1bfd3f52ead4472ad4eb.jpg,640,640,deer,303,112,466,306
ef9cc3edbe_jpg.rf.3561375dc87635a1485b0531c6e11db1.jpg,640,640,deer,443,218,536,333
ef9cc3edbe_jpg.rf.3561375dc87635a1485b0531c6e11db1.jpg,640,640,deer,183,375,266,468
d6f44e16c0_jpg.rf.3cb3c3db43ce5e1b3a22b407a14c5d1b.jpg,640,640,deer,30,33,608,535
cbd08a8918_jpg.rf.37b7166a4cf58c0b6f43d589b068e611.jpg,640,640,deer,131,17,312,327
c0f04942c1_jpg.rf.3636117ac6cc73bed74d23a6c64824d0.jpg,640,640,deer,72,45,403,268
dddb6a6369_jpg.rf.380e0223d716e74d8435e7247113135d.jpg,640,640,deer,206,46,543,348
2117417b10_jpg.rf.359f4e27f548fafee53fd333606f56f5.jpg,640,640,deer,48,137,593,542
ff83c1509b_jpg.rf.396c863b0bab5326d977a49aa4a2d2cc.jpg,640,640,deer,344,101,440,269
c44e9501b2_jpg.rf.3cf436cf8d90fffbbb267d887b8fecbb.jpg,640,640,deer,569,262,637,390
c44e9501b2_jpg.rf.3cf436cf8d90fffbbb267d887b8fecbb.jpg,640,640,deer,509,267,569,382
c44e9501b2_jpg.rf.3cf436cf8d90fffbbb267d887b8fecbb.jpg,640,640,deer,324,199,438,392
c44e9501b2_jpg.rf.3cf436cf8d90fffbbb267d887b8fecbb.jpg,640,640,deer,195,228,281,366
c44e9501b2_jpg.rf.3cf436cf8d90fffbbb267d887b8fecbb.jpg,640,640,deer,16,229,100,413
dce44069f2_jpg.rf.35a65b8d13bd694c37b7b6e12c405e6c.jpg,640,640,deer,287,0,415,414
f2d0b3cb24_jpg.rf.3e49a0e3228171c9a7d6359d018c36bb.jpg,640,640,deer,84,60,500,628
34e9b3e3a0_jpg.rf.3b915df667906f4378daf76381d035f0.jpg,640,640,deer,212,98,640,640
95e3856962_jpg.rf.3ecdaceea8ca898d2ee9d1a4ddc3df1e.jpg,640,640,deer,209,97,477,312
dd16163d62_jpg.rf.3c539cf0ff6e80b67064f97175193fc0.jpg,640,640,deer,146,37,326,290
fdbda869df_jpg.rf.3bcf7a917e13ecaf0c6888516eb130f9.jpg,640,640,deer,203,13,640,640
cdcb53004e_jpg.rf.3d2e6a0dc7a15c0dee1b6f7a5a500013.jpg,640,640,deer,75,20,591,345
fd6d92ca20_jpg.rf.406bb1b6ec0bc5e311c94e0635eee35c.jpg,640,640,deer,311,158,585,423
fd6d92ca20_jpg.rf.406bb1b6ec0bc5e311c94e0635eee35c.jpg,640,640,deer,126,83,343,329
b6cbefc302_jpg.rf.3596991762020a1a1373f34d6c444b57.jpg,640,640,deer,344,326,467,465
f8566c0f4f_jpg.rf.3f6bf14c7425e54bd0de6b9555c9508d.jpg,640,640,deer,91,94,534,459
10965310c4_jpg.rf.4046517d2ebe1c14894bae6060858615.jpg,640,640,deer,211,349,359,532
e76709edf7_jpg.rf.3697be71dcb5fa6972a6ea53d0d7728f.jpg,640,640,deer,79,184,334,503
eb18e9876d_jpg.rf.40c82ceb5348396f9b602ba6947f068d.jpg,640,640,deer,15,25,259,340
04a53a216b_jpg.rf.41b8cfd5f13f4e8efc0c3d5ea8a642db.jpg,640,640,deer,108,42,579,640
e400fda16f_jpg.rf.3e05ae8d8d89b23ea1154b41335ba390.jpg,640,640,deer,223,84,577,438
ec08aa0cd8_jpg.rf.40d875bb714bc988aaad1dcf00b42c1a.jpg,640,640,deer,102,27,240,185
ec08aa0cd8_jpg.rf.40d875bb714bc988aaad1dcf00b42c1a.jpg,640,640,deer,168,239,305,382
c6df31c97f_jpg.rf.41443ca27b919fc9bc590cf9bda170e3.jpg,640,640,deer,45,16,618,407
c6df31c97f_jpg.rf.41443ca27b919fc9bc590cf9bda170e3.jpg,640,640,deer,200,384,421,547
eaa6196679_jpg.rf.41203473b60ddebc55d70bb5fd412b21.jpg,640,640,deer,116,37,367,280
eaa6196679_jpg.rf.41203473b60ddebc55d70bb5fd412b21.jpg,640,640,deer,289,343,512,562
7a5bee0f95_jpg.rf.46781733a560afa91986273506e9189c.jpg,640,640,deer,260,83,359,448
d70172235b_jpg.rf.42b56297d6267c0d184bb91cedf1ae1f.jpg,640,640,deer,122,27,585,513
de74a6452f_jpg.rf.3fbc01a9f3b9b2507e40d5075e544f05.jpg,640,640,deer,266,53,620,301
9b8e308461_jpg.rf.474aeb1bd9c3c019b3036c8f48c95847.jpg,640,640,deer,215,43,423,382
c431d59498_jpg.rf.42f9bd0703409040973588465456a895.jpg,640,640,deer,287,16,584,378
cd42e2d23c_jpg.rf.424828f1a67f6f9c0c0ef35bb7e1fb27.jpg,640,640,deer,159,43,305,197
1433eed2a1_jpg.rf.46d918965fd50f394ffe74c3aa5bab0a.jpg,640,640,deer,136,9,421,621
cfc0cfb8ff_jpg.rf.463c94ce7f6b077bac853fe4ac84282a.jpg,640,640,deer,90,4,530,640
dc26e228e5_jpg.rf.4206eda33e7dd63105b049b58184c40e.jpg,640,640,deer,188,20,277,147
dc26e228e5_jpg.rf.4206eda33e7dd63105b049b58184c40e.jpg,640,640,deer,242,146,333,260
dc26e228e5_jpg.rf.4206eda33e7dd63105b049b58184c40e.jpg,640,640,deer,362,7,456,113
dc26e228e5_jpg.rf.4206eda33e7dd63105b049b58184c40e.jpg,640,640,deer,334,116,402,229
dc26e228e5_jpg.rf.4206eda33e7dd63105b049b58184c40e.jpg,640,640,deer,398,130,511,250
fd9bcfac5e_jpg.rf.4236e3dea58cb79384747f183c58d6f3.jpg,640,640,deer,147,142,468,337
fd9bcfac5e_jpg.rf.4236e3dea58cb79384747f183c58d6f3.jpg,640,640,deer,217,309,396,476
c475dcb6c5_jpg.rf.444bda5df039b86c1a099a4f122fc0dd.jpg,640,640,deer,351,337,560,550
a1a47404e7_jpg.rf.46b1f6d005a864630dfbb2570fb33d53.jpg,640,640,deer,162,39,311,267
1f28583fa5_jpg.rf.445d4a6e0db06d9a697d65b4aa33e0ad.jpg,640,640,deer,190,33,423,361
c1cc2a591e_jpg.rf.4886cfd0e6598ab0b3a4855a70993428.jpg,640,640,deer,110,341,599,579
c1cc2a591e_jpg.rf.4886cfd0e6598ab0b3a4855a70993428.jpg,640,640,deer,455,42,631,341
dbd0301d17_jpg.rf.46f194e9dc038377bd086d75db29d3ef.jpg,640,640,deer,9,102,98,238
dbd0301d17_jpg.rf.46f194e9dc038377bd086d75db29d3ef.jpg,640,640,deer,349,191,441,295
b5205f2bce_jpg.rf.46cce3077c29caa4ef4a42229716bca5.jpg,640,640,deer,204,111,408,559
f5667086fc_jpg.rf.494dd8f8c52feffeee75d844eff97a5b.jpg,640,640,deer,112,32,640,640
b68facf1c8_jpg.rf.4360741f7e000877638acd0518a5c15c.jpg,640,640,deer,190,159,380,447
c310dd9b05_jpg.rf.490f0ccca1c4fbcc93d4f2a565845714.jpg,640,640,deer,192,101,441,322
b5c8dfb021_jpg.rf.47fe14cce9d0049bd24cfb3cf8731f07.jpg,640,640,deer,152,73,301,275
d01febac51_jpg.rf.48dbf4acced8df9e72ac5030aa578107.jpg,640,640,deer,214,63,455,363
f8566c0f4f_jpg.rf.42de930b0089a4ebf11ef4dc6bdc5800.jpg,640,640,deer,106,94,549,459
f263308db1_jpg.rf.493e5608bda2b0f0d3a49b75055712a2.jpg,640,640,deer,50,139,375,271
f263308db1_jpg.rf.493e5608bda2b0f0d3a49b75055712a2.jpg,640,640,deer,175,127,515,562
bcf0b3d08a_jpg.rf.4878c3c845f5840e2167c7e55e1bdb1d.jpg,640,640,deer,6,104,322,327
bcf0b3d08a_jpg.rf.4878c3c845f5840e2167c7e55e1bdb1d.jpg,640,640,deer,331,178,428,289
fcb81e1e90_jpg.rf.49b30f89f81326e2797a9a423fbf52e9.jpg,640,640,deer,323,15,583,566
fcb81e1e90_jpg.rf.49b30f89f81326e2797a9a423fbf52e9.jpg,640,640,deer,8,214,298,591
eaa6196679_jpg.rf.49f10109dbf8a1dec2df3fb76899f419.jpg,640,640,deer,116,37,367,280
eaa6196679_jpg.rf.49f10109dbf8a1dec2df3fb76899f419.jpg,640,640,deer,289,343,512,562
f1cf53823b_jpg.rf.49ca2363e5407e0be4d14999d023dcd9.jpg,640,640,deer,259,187,640,640
c859239e76_jpg.rf.49774c3534fcc78685f3188c95bb087a.jpg,640,640,deer,45,98,250,318
c859239e76_jpg.rf.49774c3534fcc78685f3188c95bb087a.jpg,640,640,deer,145,263,586,587
df942f6b0a_jpg.rf.4da2f39fd93f23cb5d79e7554ec9ddf7.jpg,640,640,deer,3,1,309,438
bd95b94a06_jpg.rf.4a9f080f201343607f422fd5622e197b.jpg,640,640,deer,221,110,328,259
fd937c042d_jpg.rf.4a7611be2ed5c57ac923439b8afdd3fb.jpg,640,640,deer,248,92,499,536
faf4f74423_jpg.rf.4d1b318bb64f48cde8ae7c9d0d8992f7.jpg,640,640,deer,106,137,522,560
fd40d74899_jpg.rf.4d8186bd0ada324899837cc046328e79.jpg,640,640,deer,98,49,309,347
d5c8c2be08_jpg.rf.4daaa378651ff0cc7be2d57f3aff742f.jpg,640,640,deer,177,132,338,370
9a7b1ce7ae_jpg.rf.4bee076d117f52727bd7ecdce25f623e.jpg,640,640,deer,324,104,538,444
e5bf71a5a3_jpg.rf.4f6efc711a42c1020a7f54eb16d6e0c5.jpg,640,640,deer,141,65,511,627
c6b9ede45b_jpg.rf.4ce6d8376a7761a90545619a6e4db18d.jpg,640,640,deer,74,101,333,460
dfd32bb54a2_jpg.rf.4c1e3f27e9cc2462c698ab7896a849a2.jpg,640,640,deer,270,64,631,453
1433eed2a1_jpg.rf.4b960a3283188d56e38ba44b25c2005d.jpg,640,640,deer,136,9,421,621
f1cf53823b_jpg.rf.4b6930100691587d757c352856dc3dd8.jpg,640,640,deer,0,187,381,640
5f64ab23c1_jpg.rf.4a93141fb5a5f191042158e10faf1bea.jpg,640,640,deer,464,213,636,478
5f64ab23c1_jpg.rf.4a93141fb5a5f191042158e10faf1bea.jpg,640,640,deer,273,120,458,387
5f64ab23c1_jpg.rf.4a93141fb5a5f191042158e10faf1bea.jpg,640,640,deer,97,78,249,296
fd90334e3b_jpg.rf.4f66683029768891ba290c224122add3.jpg,640,640,deer,40,6,570,640
990f5e6e60_jpg.rf.5132e854c36b185722e38a02e7d1c36d.jpg,640,640,deer,313,156,518,439
a8be34dbd0_jpg.rf.5090206c1036ed7996ff90150ab67936.jpg,640,640,deer,237,86,545,342
a8be34dbd0_jpg.rf.5090206c1036ed7996ff90150ab67936.jpg,640,640,deer,107,258,243,371
d8d52061b7_jpg.rf.508776717a27ab17490d8ab77f095747.jpg,640,640,deer,271,34,623,488
bd32df5be3_jpg.rf.4c3de719c3a217589fa50f31a1d4f214.jpg,640,640,deer,165,67,412,573
97de903859_jpg.rf.50f60762be91cee8de8993a99ccfb803.jpg,640,640,deer,7,7,640,640
e2a50bf176_jpg.rf.4d3f3c832b8e374ba5c5fdb5aa46a206.jpg,640,640,deer,0,21,632,640
fdbda869df_jpg.rf.4da48d56a6446ac0376d5cd7bd1340ce.jpg,640,640,deer,0,13,437,640
990f5e6e60_jpg.rf.51a6d25213a618224da49ad583f4f0c0.jpg,640,640,deer,313,156,518,439
efc8f34234_jpg.rf.52c7259c9bcb67f553e02decc669d6a2.jpg,640,640,deer,290,14,607,567
e2a50bf176_jpg.rf.4ed17faac8e6ac118d2bbbe5a55cf4b0.jpg,640,640,deer,8,21,640,640
c431d59498_jpg.rf.51506bdbe5f970b59966402f91785af8.jpg,640,640,deer,287,16,584,378
eb18e9876d_jpg.rf.538a6e33ec78f89f1e8ed0a16d442af6.jpg,640,640,deer,381,25,625,340
fa34d3fa81_jpg.rf.55aa3ee31dceff498a1c0ba554041d86.jpg,640,640,deer,352,0,514,630
fa34d3fa81_jpg.rf.55aa3ee31dceff498a1c0ba554041d86.jpg,640,640,deer,0,223,235,640
f5667086fc_jpg.rf.557094b643726052db5d8a7addf4caae.jpg,640,640,deer,112,32,640,640
f59831ed90_jpg.rf.51c6b7a42c8f332e76ed6deb539c9d99.jpg,640,640,deer,0,128,640,600
f81ce647e5_jpg.rf.51c0afd679ac37bd6d0abf8eadf3b25c.jpg,640,640,deer,23,0,551,640
f54b6f43cd_jpg.rf.5710a92066b5a2eab471b079491bfce2.jpg,640,640,deer,146,3,326,540
eeb3148a0d_jpg.rf.55d84eefd98ac4c870a0b63ff4ba73c1.jpg,640,640,deer,91,109,334,521
eeb3148a0d_jpg.rf.55d84eefd98ac4c870a0b63ff4ba73c1.jpg,640,640,deer,351,189,550,467
eeb3148a0d_jpg.rf.55d84eefd98ac4c870a0b63ff4ba73c1.jpg,640,640,deer,336,157,393,237
04a53a216b_jpg.rf.57f16ecb318afba898320aea2ee609ee.jpg,640,640,deer,61,42,532,640
de74a6452f_jpg.rf.58dabb8deee710f309f710befe58c8db.jpg,640,640,deer,266,53,620,301
14dbe5af8e_jpg.rf.55a0fd1286e5996aff1f064e33cc50f7.jpg,640,640,deer,324,22,479,369
c1cc2a591e_jpg.rf.559219a8bb7394e7702431583926cb8c.jpg,640,640,deer,41,341,530,579
c1cc2a591e_jpg.rf.559219a8bb7394e7702431583926cb8c.jpg,640,640,deer,9,42,185,341
d8d52061b7_jpg.rf.54c05b4281a0f31957cb0f67dcc2e267.jpg,640,640,deer,271,34,623,488
f8c5fa3dfa_jpg.rf.54a15d43d604bd9687a1d59b1512ce6a.jpg,640,640,deer,17,138,140,397
f8c5fa3dfa_jpg.rf.54a15d43d604bd9687a1d59b1512ce6a.jpg,640,640,deer,97,166,194,540
f8c5fa3dfa_jpg.rf.54a15d43d604bd9687a1d59b1512ce6a.jpg,640,640,deer,420,163,637,377
f8c5fa3dfa_jpg.rf.54a15d43d604bd9687a1d59b1512ce6a.jpg,640,640,deer,220,152,291,530
c3fee535d6_jpg.rf.58b0a4b5d4a454545f8983e7d5000748.jpg,640,640,deer,276,312,411,511
95e3856962_jpg.rf.591412330401c3224407f5ba9479a784.jpg,640,640,deer,209,97,477,312
c0c235bd8b_jpg.rf.4da7e63e453a5e437e9626704e703592.jpg,640,640,deer,282,92,392,292
f539d72146_jpg.rf.5497783bb05e61048dd1fb56e0b83972.jpg,640,640,deer,93,52,277,384
f539d72146_jpg.rf.5497783bb05e61048dd1fb56e0b83972.jpg,640,640,deer,351,184,550,481
de74a6452f_jpg.rf.56a4c264e14621bdcd18e91bdad9b5fb.jpg,640,640,deer,266,53,620,301
ef9cc3edbe_jpg.rf.59aa2dc5d5bff5ed6078edb7104acc6b.jpg,640,640,deer,104,218,197,333
ef9cc3edbe_jpg.rf.59aa2dc5d5bff5ed6078edb7104acc6b.jpg,640,640,deer,374,375,457,468
d9b343687d_jpg.rf.598c15c8291d744fa48b37fb144bb37a.jpg,640,640,deer,414,150,566,444
c35b11f5c9_jpg.rf.5776bcfac483bf6e3d21c742bf2dff91.jpg,640,640,deer,285,15,624,469
c35b11f5c9_jpg.rf.5776bcfac483bf6e3d21c742bf2dff91.jpg,640,640,deer,15,287,245,506